{
  "hash": "4aba93bc",
  "configHash": "9b003d07",
  "lockfileHash": "86e7cfbe",
  "browserHash": "5ced0fde",
  "optimized": {
    "@angular/core": {
      "src": "../../../../../../node_modules/@angular/core/fesm2022/core.mjs",
      "file": "@angular_core.js",
      "fileHash": "968e8062",
      "needsInterop": false
    },
    "@angular/forms": {
      "src": "../../../../../../node_modules/@angular/forms/fesm2022/forms.mjs",
      "file": "@angular_forms.js",
      "fileHash": "19f56063",
      "needsInterop": false
    },
    "@angular/platform-browser": {
      "src": "../../../../../../node_modules/@angular/platform-browser/fesm2022/platform-browser.mjs",
      "file": "@angular_platform-browser.js",
      "fileHash": "a39534f0",
      "needsInterop": false
    },
    "@angular/common": {
      "src": "../../../../../../node_modules/@angular/common/fesm2022/common.mjs",
      "file": "@angular_common.js",
      "fileHash": "fbc5133b",
      "needsInterop": false
    }
  },
  "chunks": {
    "chunk-F2Y5MMH3": {
      "file": "chunk-F2Y5MMH3.js"
    },
    "chunk-BJBUZ4EM": {
      "file": "chunk-BJBUZ4EM.js"
    }
  }
}